[
  {
    "model": "app.child",
    "pk": 1,
    "fields": {
      "name": "강예나",
      "classname": "베드로반",
      "grade": "3"
    }
  },
  {
    "model": "app.child",
    "pk": 2,
    "fields": {
      "name": "김리후",
      "classname": "베드로반",
      "grade": "3"
    }
  },
  {
    "model": "app.child",
    "pk": 3,
    "fields": {
      "name": "박가온",
      "classname": "베드로반",
      "grade": "3"
    }
  },
  {
    "model": "app.child",
    "pk": 4,
    "fields": {
      "name": "박현준",
      "classname": "베드로반",
      "grade": "3"
    }
  },
  {
    "model": "app.child",
    "pk": 5,
    "fields": {
      "name": "석지윤",
      "classname": "베드로반",
      "grade": "3"
    }
  },
  {
    "model": "app.child",
    "pk": 6,
    "fields": {
      "name": "임주평",
      "classname": "베드로반",
      "grade": "3"
    }
  },
  {
    "model": "app.child",
    "pk": 7,
    "fields": {
      "name": "차태오",
      "classname": "베드로반",
      "grade": "3"
    }
  },
  {
    "model": "app.child",
    "pk": 8,
    "fields": {
      "name": "박가인",
      "classname": "안드레반",
      "grade": "3"
    }
  },
  {
    "model": "app.child",
    "pk": 9,
    "fields": {
      "name": "박윤슬",
      "classname": "안드레반",
      "grade": "3"
    }
  },
  {
    "model": "app.child",
    "pk": 10,
    "fields": {
      "name": "엄지훈",
      "classname": "안드레반",
      "grade": "3"
    }
  },
  {
    "model": "app.child",
    "pk": 11,
    "fields": {
      "name": "이주하",
      "classname": "안드레반",
      "grade": "3"
    }
  },
  {
    "model": "app.child",
    "pk": 12,
    "fields": {
      "name": "최은호",
      "classname": "안드레반",
      "grade": "3"
    }
  },
  {
    "model": "app.child",
    "pk": 13,
    "fields": {
      "name": "한지원",
      "classname": "안드레반",
      "grade": "3"
    }
  },
  {
    "model": "app.child",
    "pk": 14,
    "fields": {
      "name": "김유주",
      "classname": "야고보반",
      "grade": "3"
    }
  },
  {
    "model": "app.child",
    "pk": 15,
    "fields": {
      "name": "민세준",
      "classname": "야고보반",
      "grade": "3"
    }
  },
  {
    "model": "app.child",
    "pk": 16,
    "fields": {
      "name": "서윤아",
      "classname": "야고보반",
      "grade": "3"
    }
  },
  {
    "model": "app.child",
    "pk": 17,
    "fields": {
      "name": "석지안",
      "classname": "야고보반",
      "grade": "3"
    }
  },
  {
    "model": "app.child",
    "pk": 18,
    "fields": {
      "name": "송시은",
      "classname": "야고보반",
      "grade": "3"
    }
  },
  {
    "model": "app.child",
    "pk": 19,
    "fields": {
      "name": "이도윤",
      "classname": "야고보반",
      "grade": "3"
    }
  },
  {
    "model": "app.child",
    "pk": 20,
    "fields": {
      "name": "이채윤",
      "classname": "야고보반",
      "grade": "3"
    }
  },
  {
    "model": "app.child",
    "pk": 21,
    "fields": {
      "name": "김단",
      "classname": "다대오반",
      "grade": "3"
    }
  },
  {
    "model": "app.child",
    "pk": 22,
    "fields": {
      "name": "왕희재",
      "classname": "다대오반",
      "grade": "3"
    }
  },
  {
    "model": "app.child",
    "pk": 23,
    "fields": {
      "name": "이지안",
      "classname": "다대오반",
      "grade": "3"
    }
  },
  {
    "model": "app.child",
    "pk": 24,
    "fields": {
      "name": "이찬혁",
      "classname": "다대오반",
      "grade": "3"
    }
  },
  {
    "model": "app.child",
    "pk": 25,
    "fields": {
      "name": "임호준",
      "classname": "다대오반",
      "grade": "3"
    }
  },
  {
    "model": "app.child",
    "pk": 26,
    "fields": {
      "name": "홍지우",
      "classname": "다대오반",
      "grade": "3"
    }
  },
  {
    "model": "app.child",
    "pk": 27,
    "fields": {
      "name": "강준규",
      "classname": "바돌로매반",
      "grade": "3"
    }
  },
  {
    "model": "app.child",
    "pk": 28,
    "fields": {
      "name": "김형준",
      "classname": "바돌로매반",
      "grade": "3"
    }
  },
  {
    "model": "app.child",
    "pk": 29,
    "fields": {
      "name": "오서영",
      "classname": "바돌로매반",
      "grade": "3"
    }
  },
  {
    "model": "app.child",
    "pk": 30,
    "fields": {
      "name": "이유",
      "classname": "바돌로매반",
      "grade": "3"
    }
  },
  {
    "model": "app.child",
    "pk": 31,
    "fields": {
      "name": "허원",
      "classname": "바돌로매반",
      "grade": "3"
    }
  },
  {
    "model": "app.child",
    "pk": 32,
    "fields": {
      "name": "황재원",
      "classname": "바돌로매반",
      "grade": "3"
    }
  },
  {
    "model": "app.child",
    "pk": 33,
    "fields": {
      "name": "황하엘",
      "classname": "바돌로매반",
      "grade": "3"
    }
  },
  {
    "model": "app.child",
    "pk": 34,
    "fields": {
      "name": "강여진",
      "classname": "디모데반",
      "grade": "3"
    }
  },
  {
    "model": "app.child",
    "pk": 35,
    "fields": {
      "name": "박제이",
      "classname": "디모데반",
      "grade": "3"
    }
  },
  {
    "model": "app.child",
    "pk": 36,
    "fields": {
      "name": "서지나",
      "classname": "디모데반",
      "grade": "3"
    }
  },
  {
    "model": "app.child",
    "pk": 37,
    "fields": {
      "name": "손승우",
      "classname": "디모데반",
      "grade": "3"
    }
  },
  {
    "model": "app.child",
    "pk": 38,
    "fields": {
      "name": "오주하",
      "classname": "디모데반",
      "grade": "3"
    }
  },
  {
    "model": "app.child",
    "pk": 39,
    "fields": {
      "name": "이석훈",
      "classname": "디모데반",
      "grade": "3"
    }
  },
  {
    "model": "app.child",
    "pk": 40,
    "fields": {
      "name": "최승호",
      "classname": "디모데반",
      "grade": "3"
    }
  },
  {
    "model": "app.child",
    "pk": 41,
    "fields": {
      "name": "민유완",
      "classname": "요한반",
      "grade": "4"
    }
  },
  {
    "model": "app.child",
    "pk": 42,
    "fields": {
      "name": "성지원",
      "classname": "요한반",
      "grade": "4"
    }
  },
  {
    "model": "app.child",
    "pk": 43,
    "fields": {
      "name": "손준환",
      "classname": "요한반",
      "grade": "4"
    }
  },
  {
    "model": "app.child",
    "pk": 44,
    "fields": {
      "name": "신민우",
      "classname": "요한반",
      "grade": "4"
    }
  },
  {
    "model": "app.child",
    "pk": 45,
    "fields": {
      "name": "안유담",
      "classname": "요한반",
      "grade": "4"
    }
  },
  {
    "model": "app.child",
    "pk": 46,
    "fields": {
      "name": "임예지",
      "classname": "요한반",
      "grade": "4"
    }
  },
  {
    "model": "app.child",
    "pk": 47,
    "fields": {
      "name": "최다예",
      "classname": "요한반",
      "grade": "4"
    }
  },
  {
    "model": "app.child",
    "pk": 48,
    "fields": {
      "name": "김인",
      "classname": "빌립반",
      "grade": "4"
    }
  },
  {
    "model": "app.child",
    "pk": 49,
    "fields": {
      "name": "김후",
      "classname": "빌립반",
      "grade": "4"
    }
  },
  {
    "model": "app.child",
    "pk": 50,
    "fields": {
      "name": "엄태희",
      "classname": "빌립반",
      "grade": "4"
    }
  },
  {
    "model": "app.child",
    "pk": 51,
    "fields": {
      "name": "오은채",
      "classname": "빌립반",
      "grade": "4"
    }
  },
  {
    "model": "app.child",
    "pk": 52,
    "fields": {
      "name": "이하준",
      "classname": "빌립반",
      "grade": "4"
    }
  },
  {
    "model": "app.child",
    "pk": 53,
    "fields": {
      "name": "이하진",
      "classname": "빌립반",
      "grade": "4"
    }
  },
  {
    "model": "app.child",
    "pk": 54,
    "fields": {
      "name": "주하린",
      "classname": "빌립반",
      "grade": "4"
    }
  },
  {
    "model": "app.child",
    "pk": 55,
    "fields": {
      "name": "강백호",
      "classname": "마태반",
      "grade": "4"
    }
  },
  {
    "model": "app.child",
    "pk": 56,
    "fields": {
      "name": "남승우",
      "classname": "마태반",
      "grade": "4"
    }
  },
  {
    "model": "app.child",
    "pk": 57,
    "fields": {
      "name": "오서윤",
      "classname": "마태반",
      "grade": "4"
    }
  },
  {
    "model": "app.child",
    "pk": 58,
    "fields": {
      "name": "이서원",
      "classname": "마태반",
      "grade": "4"
    }
  },
  {
    "model": "app.child",
    "pk": 59,
    "fields": {
      "name": "이준서",
      "classname": "마태반",
      "grade": "4"
    }
  },
  {
    "model": "app.child",
    "pk": 60,
    "fields": {
      "name": "최서준",
      "classname": "마태반",
      "grade": "4"
    }
  },
  {
    "model": "app.child",
    "pk": 61,
    "fields": {
      "name": "함유정",
      "classname": "마태반",
      "grade": "4"
    }
  },
  {
    "model": "app.child",
    "pk": 62,
    "fields": {
      "name": "강유안",
      "classname": "시몬반",
      "grade": "4"
    }
  },
  {
    "model": "app.child",
    "pk": 63,
    "fields": {
      "name": "김세진",
      "classname": "시몬반",
      "grade": "4"
    }
  },
  {
    "model": "app.child",
    "pk": 64,
    "fields": {
      "name": "김유나",
      "classname": "시몬반",
      "grade": "4"
    }
  },
  {
    "model": "app.child",
    "pk": 65,
    "fields": {
      "name": "문준원",
      "classname": "시몬반",
      "grade": "4"
    }
  },
  {
    "model": "app.child",
    "pk": 66,
    "fields": {
      "name": "장윤서",
      "classname": "시몬반",
      "grade": "4"
    }
  },
  {
    "model": "app.child",
    "pk": 67,
    "fields": {
      "name": "정하민",
      "classname": "시몬반",
      "grade": "4"
    }
  },
  {
    "model": "app.child",
    "pk": 68,
    "fields": {
      "name": "최시은",
      "classname": "시몬반",
      "grade": "4"
    }
  },
  {
    "model": "app.child",
    "pk": 69,
    "fields": {
      "name": "김병언",
      "classname": "바울반",
      "grade": "4"
    }
  },
  {
    "model": "app.child",
    "pk": 70,
    "fields": {
      "name": "김준희",
      "classname": "바울반",
      "grade": "4"
    }
  },
  {
    "model": "app.child",
    "pk": 71,
    "fields": {
      "name": "김창준",
      "classname": "바울반",
      "grade": "4"
    }
  },
  {
    "model": "app.child",
    "pk": 72,
    "fields": {
      "name": "김하윤",
      "classname": "바울반",
      "grade": "4"
    }
  },
  {
    "model": "app.child",
    "pk": 73,
    "fields": {
      "name": "박예찬",
      "classname": "바울반",
      "grade": "4"
    }
  },
  {
    "model": "app.child",
    "pk": 74,
    "fields": {
      "name": "이정윤",
      "classname": "바울반",
      "grade": "4"
    }
  },
  {
    "model": "app.child",
    "pk": 75,
    "fields": {
      "name": "김민준",
      "classname": "누가반",
      "grade": "4"
    }
  },
  {
    "model": "app.child",
    "pk": 76,
    "fields": {
      "name": "박서진",
      "classname": "누가반",
      "grade": "4"
    }
  },
  {
    "model": "app.child",
    "pk": 77,
    "fields": {
      "name": "양현세",
      "classname": "누가반",
      "grade": "4"
    }
  },
  {
    "model": "app.child",
    "pk": 78,
    "fields": {
      "name": "유하연",
      "classname": "누가반",
      "grade": "4"
    }
  },
  {
    "model": "app.child",
    "pk": 79,
    "fields": {
      "name": "이태린",
      "classname": "누가반",
      "grade": "4"
    }
  },
  {
    "model": "app.child",
    "pk": 80,
    "fields": {
      "name": "최태민",
      "classname": "누가반",
      "grade": "4"
    }
  }
]
